id;image_name;image_file;image_file_content_type
1;mobile Fish;5472616365;image/png
2;Savings Account alarm;72656420436869707320536f6170;image/png
3;Home Loan Account;4e616d69626961;image/png
4;Steel zero administration;677265792043616d6272696467657368697265;image/png
5;Canyon HDD;656e766973696f6e656572204d75736963205075626c69632d6b6579;image/png
6;infomediaries;47616d657320526567696f6e616c204469676974697a6564;image/png
7;copy convergence;496e647573747269616c;image/png
8;connect Markets Chief;736b7920626c756520546173747920506c61737469632050697a7a61;image/png
9;compress South Georgia and the South Sandwich Islands;62696675726361746564207363616c61626c65;image/png
10;Small;6f766572726964696e67;image/png
