id;customer_summary;firstname;lastname;middlename;birth_date;email;phone;address
1;Ranch impactful;Berkshire Awesome;pixel Pennsylvania;architectures Cotton;2019-06-02T05:17:31;Francisco_Tromp@yahoo.com;234.936.9201 x213;Avon
2;blue scalable Car;bypassing Sleek Steel Shirt Rand Namibia Dollar;Fresh incubate Agent;Jewelery Engineer Bedfordshire;2019-06-01T18:45:11;Reginald_Ward53@hotmail.com;428.721.9374 x157;Bouvet Island (Bouvetoya)
3;Auto Loan Account asymmetric Montana;Applications;Montenegro;frictionless;2019-06-02T01:12:01;Katelyn_Bergnaum@gmail.com;368-021-6071;Mall Investment Account
4;scalable Configuration calculating;infrastructures Mobility Representative;Shirt;Mobility;2019-06-01T18:47:04;Alysson.Spinka82@yahoo.com;727.181.1826 x6593;HDD
5;Tanzanian Shilling Lights;e-enable Plaza intranet;convergence Idaho customized;synthesize Bahrain;2019-06-01T14:20:51;Lindsey43@gmail.com;1-367-361-1786 x45785;Liaison copy program
6;hack Electronics Oklahoma;Cambridgeshire navigate Licensed;Fantastic indexing;Investment Account;2019-06-02T00:02:52;Kamille.Corwin@hotmail.com;777-065-6557 x253;Chips National Idaho
7;vortals value-added;Salad Connecticut;Generic Advanced;HDD Security Virginia;2019-06-01T19:22:59;Theodore_Bahringer15@hotmail.com;536.040.7198 x9941;Visionary
8;hacking;programming;FTP;Persistent Investment Account;2019-06-02T02:59:57;Natalie80@gmail.com;063.134.5899 x3434;District Idaho Grocery
9;Concrete Towels Avon;Automotive frame;Indiana deposit Electronics;Bedfordshire Strategist;2019-06-02T01:05:13;Kaylin.Jerde53@gmail.com;152.530.3742 x78324;Checking Account
10;Street New Jersey;reciprocal;Mountain Malaysia supply-chains;Borders hack;2019-06-02T09:37:51;Estevan94@gmail.com;322.865.4809 x1878;web-readiness Cyprus
